[{"model": "performance.company", "pk": 1, "fields": {"name": "Birmingham Opera Company", "site": 1}}, {"model": "performance.company", "pk": 2, "fields": {"name": "English National Opera", "site": 1}}, {"model": "performance.company", "pk": 3, "fields": {"name": "English Touring Opera", "site": 1}}, {"model": "performance.company", "pk": 4, "fields": {"name": "La Nuova Musica", "site": 1}}, {"model": "performance.company", "pk": 5, "fields": {"name": "Opera Holland Park", "site": 1}}, {"model": "performance.company", "pk": 6, "fields": {"name": "Opera North", "site": 1}}, {"model": "performance.company", "pk": 7, "fields": {"name": "Orchestra of the Age of Enlightenment", "site": 1}}, {"model": "performance.company", "pk": 8, "fields": {"name": "Royal Academy Opera", "site": 1}}, {"model": "performance.company", "pk": 9, "fields": {"name": "Royal College of Music", "site": 1}}, {"model": "performance.company", "pk": 10, "fields": {"name": "Royal Conservatoire of Scotland", "site": 1}}, {"model": "performance.company", "pk": 11, "fields": {"name": "Scottish Opera", "site": 1}}, {"model": "performance.company", "pk": 12, "fields": {"name": "The Mozartists", "site": 1}}, {"model": "performance.company", "pk": 13, "fields": {"name": "The Royal Danish Opera", "site": 1}}, {"model": "performance.company", "pk": 14, "fields": {"name": "The Royal Opera", "site": 1}}, {"model": "performance.company", "pk": 15, "fields": {"name": "Welsh National Opera", "site": 1}}, {"model": "performance.venue", "pk": 1, "fields": {"name": "Theatre Royal", "location": "Glasgow, UK", "sites": [1]}}, {"model": "performance.venue", "pk": 2, "fields": {"name": "St John's Smith Square", "location": "London, UK", "sites": [1]}}, {"model": "performance.venue", "pk": 3, "fields": {"name": "Town Hall", "location": "Birmingham, UK", "sites": [1]}}, {"model": "performance.venue", "pk": 4, "fields": {"name": "Royal Opera House", "location": "London, UK", "sites": [1]}}, {"model": "performance.venue", "pk": 5, "fields": {"name": "Birmingham Hippodrome", "location": "Birmingham, UK", "sites": [1]}}, {"model": "performance.venue", "pk": 6, "fields": {"name": "Roundhouse", "location": "London, UK", "sites": [1]}}, {"model": "performance.venue", "pk": 7, "fields": {"name": "Shoreditch Town Hall", "location": "London, UK", "sites": [1]}}, {"model": "performance.venue", "pk": 8, "fields": {"name": "Theatre Royal", "location": "Nottingham, UK", "sites": [1]}}, {"model": "performance.venue", "pk": 9, "fields": {"name": "Curve", "location": "Leicester, UK", "sites": [1]}}, {"model": "performance.venue", "pk": 10, "fields": {"name": "Scottish Opera Production Studios", "location": "Glasgow, UK", "sites": [1]}}, {"model": "performance.venue", "pk": 11, "fields": {"name": "London Coliseum", "location": "London, UK", "sites": [1]}}, {"model": "performance.venue", "pk": 12, "fields": {"name": "Britten Theatre", "location": "London, UK", "sites": [1]}}, {"model": "performance.venue", "pk": 13, "fields": {"name": "Royal Festival Hall", "location": "London, UK", "sites": [1]}}, {"model": "performance.venue", "pk": 14, "fields": {"name": "City Halls", "location": "Glasgow, UK", "sites": [1]}}, {"model": "performance.venue", "pk": 15, "fields": {"name": "B12 Warehouse", "location": "Birmingham, UK", "sites": [1]}}, {"model": "performance.venue", "pk": 16, "fields": {"name": "Holland Park", "location": "London, UK", "sites": [1]}}, {"model": "performance.venue", "pk": 17, "fields": {"name": "Midlands Arts Centre", "location": "Birmingham, UK", "sites": [1]}}, {"model": "performance.venue", "pk": 18, "fields": {"name": "Copenhagen Opera House", "location": "Copenhagen, DK", "sites": [1]}}, {"model": "performance.venue", "pk": 19, "fields": {"name": "New Athenaeum Theatre", "location": "Glasgow, UK", "sites": [1]}}, {"model": "performance.performance", "pk": 1, "fields": {"date": "2013-04-29", "company": 14, "venue": 4, "notes": "", "user": 1, "streamed": true, "site": 1, "work": [3]}}, {"model": "performance.performance", "pk": 2, "fields": {"date": "2014-03-18", "company": 6, "venue": 8, "notes": "", "user": 1, "streamed": false, "site": 1, "work": [10]}}, {"model": "performance.performance", "pk": 3, "fields": {"date": "2018-10-21", "company": 11, "venue": 1, "notes": "", "user": 1, "streamed": false, "site": 1, "work": [17]}}, {"model": "performance.performance", "pk": 4, "fields": {"date": "2017-06-14", "company": 14, "venue": 4, "notes": "", "user": 1, "streamed": false, "site": 1, "work": [19]}}, {"model": "performance.performance", "pk": 5, "fields": {"date": "2017-10-12", "company": 14, "venue": 4, "notes": "", "user": 1, "streamed": false, "site": 1, "work": [20]}}, {"model": "performance.performance", "pk": 6, "fields": {"date": "2018-03-17", "company": 6, "venue": 8, "notes": "", "user": 1, "streamed": false, "site": 1, "work": [25]}}, {"model": "performance.performance", "pk": 7, "fields": {"date": "2018-03-06", "company": 15, "venue": 5, "notes": "", "user": 1, "streamed": false, "site": 1, "work": [26]}}, {"model": "performance.performance", "pk": 8, "fields": {"date": "2017-11-27", "company": 2, "venue": 11, "notes": "", "user": 1, "streamed": false, "site": 1, "work": [29]}}, {"model": "performance.performance", "pk": 9, "fields": {"date": "2017-07-10", "company": 14, "venue": 4, "notes": "", "user": 1, "streamed": false, "site": 1, "work": [30]}}, {"model": "performance.performance", "pk": 10, "fields": {"date": "2021-07-10", "company": 11, "venue": 10, "notes": "", "user": 1, "streamed": false, "site": 1, "work": [31]}}, {"model": "performance.performance", "pk": 11, "fields": {"date": "2017-05-30", "company": 14, "venue": 4, "notes": "", "user": 1, "streamed": false, "site": 1, "work": [175]}}, {"model": "performance.performance", "pk": 12, "fields": {"date": "2015-11-18", "company": 6, "venue": 8, "notes": "", "user": 1, "streamed": false, "site": 1, "work": [127]}}, {"model": "performance.performance", "pk": 13, "fields": {"date": "2019-03", "company": 11, "venue": 1, "notes": "", "user": 1, "streamed": false, "site": 1, "work": [130]}}, {"model": "performance.performance", "pk": 14, "fields": {"date": "2017-11-29", "company": 9, "venue": 12, "notes": "", "user": 1, "streamed": false, "site": 1, "work": [131]}}, {"model": "performance.performance", "pk": 15, "fields": {"date": "2017-11-02", "company": 15, "venue": 5, "notes": "", "user": 1, "streamed": false, "site": 1, "work": [133]}}, {"model": "performance.performance", "pk": 16, "fields": {"date": "2017-06-12", "company": 12, "venue": 2, "notes": "", "user": 1, "streamed": false, "site": 1, "work": [103]}}, {"model": "performance.performance", "pk": 17, "fields": {"date": "2018-06-02", "company": 12, "venue": 3, "notes": "", "user": 1, "streamed": false, "site": 1, "work": [105]}}, {"model": "performance.performance", "pk": 18, "fields": {"date": "2017-09-14", "company": 14, "venue": 4, "notes": "", "user": 1, "streamed": false, "site": 1, "work": [124]}}, {"model": "performance.performance", "pk": 19, "fields": {"date": "2016-03-08", "company": 6, "venue": 8, "notes": "", "user": 1, "streamed": false, "site": 1, "work": [121]}}, {"model": "performance.performance", "pk": 20, "fields": {"date": "2016-05-31", "company": 3, "venue": 9, "notes": "", "user": 1, "streamed": false, "site": 1, "work": [120]}}, {"model": "performance.performance", "pk": 21, "fields": {"date": "2017-07-05", "company": 14, "venue": 4, "notes": "", "user": 1, "streamed": false, "site": 1, "work": [101]}}, {"model": "performance.performance", "pk": 25, "fields": {"date": "2017-06-08", "company": 5, "venue": 16, "notes": "", "user": 1, "streamed": false, "site": 1, "work": [97]}}, {"model": "performance.performance", "pk": 26, "fields": {"date": "2018-03-08", "company": 15, "venue": 5, "notes": "", "user": 1, "streamed": false, "site": 1, "work": [94]}}, {"model": "performance.performance", "pk": 27, "fields": {"date": "2017-09-19", "company": 14, "venue": 4, "notes": "", "user": 1, "streamed": false, "site": 1, "work": [93]}}, {"model": "performance.performance", "pk": 28, "fields": {"date": "2017-05-22", "company": 14, "venue": 4, "notes": "", "user": 1, "streamed": false, "site": 1, "work": [28]}}, {"model": "performance.performance", "pk": 29, "fields": {"date": "2018-10-28", "company": 11, "venue": 1, "notes": "", "user": 1, "streamed": false, "site": 1, "work": [91]}}, {"model": "performance.performance", "pk": 30, "fields": {"date": "2017-10-05", "company": 2, "venue": 11, "notes": "", "user": 1, "streamed": false, "site": 1, "work": [48]}}, {"model": "performance.performance", "pk": 31, "fields": {"date": "2013-05-27", "company": 14, "venue": 4, "notes": "", "user": 1, "streamed": true, "site": 1, "work": [60]}}, {"model": "performance.performance", "pk": 32, "fields": {"date": "2017-11-22", "company": 14, "venue": 4, "notes": "", "user": 1, "streamed": false, "site": 1, "work": [65]}}, {"model": "performance.performance", "pk": 33, "fields": {"date": "2018-01-17", "company": 14, "venue": 4, "notes": "", "user": 1, "streamed": false, "site": 1, "work": [75]}}, {"model": "performance.performance", "pk": 35, "fields": {"date": "2017-11-03", "company": 15, "venue": 5, "notes": "", "user": 1, "streamed": false, "site": 1, "work": [243]}}, {"model": "performance.performance", "pk": 38, "fields": {"date": "2016-03-12", "company": 6, "venue": 8, "notes": "", "user": 1, "streamed": false, "site": 1, "work": [280]}}, {"model": "performance.performance", "pk": 39, "fields": {"date": "2018-01-10", "company": 14, "venue": 6, "notes": "", "user": 1, "streamed": false, "site": 1, "work": [285]}}, {"model": "performance.performance", "pk": 40, "fields": {"date": "2017-06-15", "company": 8, "venue": 7, "notes": "", "user": 1, "streamed": false, "site": 1, "work": [325]}}, {"model": "performance.performance", "pk": 41, "fields": {"date": "2017-03-22", "company": 2, "venue": 11, "notes": "", "user": 1, "streamed": false, "site": 1, "work": [375]}}, {"model": "performance.performance", "pk": 42, "fields": {"date": "2022-02-24", "company": 11, "venue": 1, "notes": "", "user": 1, "streamed": false, "site": 1, "work": [377]}}, {"model": "performance.performance", "pk": 43, "fields": {"date": "2018-02-14", "company": 2, "venue": 11, "notes": "", "user": 1, "streamed": false, "site": 1, "work": [397]}}, {"model": "performance.performance", "pk": 44, "fields": {"date": "2016-06-06", "company": 6, "venue": 8, "notes": "", "user": 1, "streamed": false, "site": 1, "work": [452]}}, {"model": "performance.performance", "pk": 72, "fields": {"date": "2017-11-04", "company": 15, "venue": 5, "notes": "", "user": 1, "streamed": false, "site": 1, "work": [418]}}, {"model": "performance.performance", "pk": 73, "fields": {"date": "2021-10-20", "company": 11, "venue": 1, "notes": "", "user": 1, "streamed": false, "site": 1, "work": [483]}}, {"model": "performance.performance", "pk": 74, "fields": {"date": "2021-10-16", "company": 11, "venue": 1, "notes": "", "user": 1, "streamed": false, "site": 1, "work": [484]}}, {"model": "performance.performance", "pk": 75, "fields": {"date": "2017-07-19", "company": 15, "venue": 4, "notes": "", "user": 1, "streamed": false, "site": 1, "work": [485]}}, {"model": "performance.performance", "pk": 76, "fields": {"date": "2017-10-30", "company": 14, "venue": 4, "notes": "", "user": 1, "streamed": false, "site": 1, "work": [187]}}, {"model": "performance.performance", "pk": 77, "fields": {"date": "2018-02-07", "company": 14, "venue": 4, "notes": "", "user": 1, "streamed": false, "site": 1, "work": [94]}}, {"model": "performance.performance", "pk": 78, "fields": {"date": "2017-12-12", "company": 14, "venue": 4, "notes": "", "user": 1, "streamed": false, "site": 1, "work": [270, 229]}}, {"model": "performance.performance", "pk": 79, "fields": {"date": "2017-03-14", "company": 2, "venue": 11, "notes": "", "user": 1, "streamed": false, "site": 1, "work": [486]}}, {"model": "performance.performance", "pk": 80, "fields": {"date": "2017-11-15", "company": 2, "venue": 11, "notes": "", "user": 1, "streamed": false, "site": 1, "work": [333]}}, {"model": "performance.performance", "pk": 81, "fields": {"date": "2018-02-13", "company": 2, "venue": 11, "notes": "", "user": 1, "streamed": false, "site": 1, "work": [487]}}, {"model": "performance.performance", "pk": 82, "fields": {"date": "2017-11-28", "company": 2, "venue": 11, "notes": "", "user": 1, "streamed": false, "site": 1, "work": [488]}}, {"model": "performance.performance", "pk": 83, "fields": {"date": "2017-10-18", "company": 7, "venue": 13, "notes": "", "user": 1, "streamed": false, "site": 1, "work": [339]}}, {"model": "performance.performance", "pk": 84, "fields": {"date": "2019-01-24", "company": 11, "venue": 1, "notes": "", "user": 1, "streamed": false, "site": 1, "work": [489]}}, {"model": "performance.performance", "pk": 85, "fields": {"date": "2015-11-17", "company": 6, "venue": 8, "notes": "", "user": 1, "streamed": false, "site": 1, "work": [48]}}, {"model": "performance.performance", "pk": 86, "fields": {"date": "2019-12-01", "company": 11, "venue": 14, "notes": "", "user": 1, "streamed": false, "site": 1, "work": [490]}}, {"model": "performance.performance", "pk": 87, "fields": {"date": "2018-02-01", "company": 4, "venue": 2, "notes": "", "user": 1, "streamed": false, "site": 1, "work": [284]}}, {"model": "performance.performance", "pk": 88, "fields": {"date": "2018-03-18", "company": 1, "venue": 15, "notes": "", "user": 1, "streamed": false, "site": 1, "work": [491]}}, {"model": "performance.performance", "pk": 89, "fields": {"date": "2018-06-09", "company": 15, "venue": 17, "notes": "", "user": 1, "streamed": false, "site": 1, "work": [492]}}, {"model": "performance.performance", "pk": 90, "fields": {"date": "2019-10", "company": 11, "venue": 1, "notes": "", "user": 1, "streamed": false, "site": 1, "work": [94]}}, {"model": "performance.performance", "pk": 91, "fields": {"date": "2019-05", "company": 11, "venue": 1, "notes": "", "user": 1, "streamed": false, "site": 1, "work": [124]}}, {"model": "performance.performance", "pk": 92, "fields": {"date": "2015-11-28", "company": 13, "venue": 18, "notes": "", "user": 1, "streamed": false, "site": 1, "work": [100, 98, 99]}}, {"model": "performance.performance", "pk": 93, "fields": {"date": "2020-09-10", "company": 11, "venue": 10, "notes": "", "user": 1, "streamed": false, "site": 1, "work": [93]}}, {"model": "performance.performance", "pk": 94, "fields": {"date": "2016-03-10", "company": 6, "venue": 8, "notes": "", "user": 1, "streamed": false, "site": 1, "work": [175]}}, {"model": "performance.performance", "pk": 95, "fields": {"date": "2017-07-07", "company": 14, "venue": 4, "notes": "", "user": 1, "streamed": false, "site": 1, "work": [106]}}, {"model": "performance.performance", "pk": 96, "fields": {"date": "2022-08-11", "company": 11, "venue": 10, "notes": "I performed in this as part of the Community Chorus", "user": 1, "streamed": false, "site": 1, "work": [422]}}, {"model": "performance.performance", "pk": 97, "fields": {"date": "2022-10-29", "company": 11, "venue": 1, "notes": "", "user": 1, "streamed": false, "site": 1, "work": [493]}}, {"model": "performance.performance", "pk": 98, "fields": {"date": "2023-02-03", "company": 10, "venue": 19, "notes": "", "user": 1, "streamed": false, "site": 1, "work": [440]}}, {"model": "performance.performance", "pk": 99, "fields": {"date": "2023-05-18", "company": 11, "venue": 1, "notes": "", "user": 1, "streamed": false, "site": 1, "work": [238]}}]